state	expected_sick_days
exposed-1	1.2499999999999998
exposed-2	2.4999999999999996
exposed-3	4.999999999999999
symptoms-1	9.999999999999998
symptoms-2	6.666666666666666
symptoms-3	3.333333333333333
recovered	0.0
