state	do_nothing_discomfort	minimize_discomfort	speed_discomfort
exposed-1	3.4133333333333327	0.75	0.8333333333333331
exposed-2	4.266666666666666	1.5	1.6666666666666663
exposed-3	5.333333333333332	3.0	3.3333333333333326
recovered	-0.0	0.0	-0.0
symptoms-1	6.666666666666665	6.0	6.666666666666665
symptoms-2	4.999999999999999	4.5	4.999999999999999
symptoms-3	1.6666666666666663	1.5	1.6666666666666665
