state	do_nothing_discomfort	minimum_discomfort	speed_discomfort	expected_sick_days
exposed-1	3.4133333333333327	0.75	3.4133333333333327	5.12
exposed-2	4.266666666666666	1.5	4.266666666666666	6.4
exposed-3	5.333333333333332	3.0	5.333333333333332	7.999999999999999
recovered	-0.0	0.0	-0.0	0.0
symptoms-1	6.666666666666665	6.0	6.666666666666665	9.999999999999998
symptoms-2	4.999999999999999	4.5	4.999999999999999	6.666666666666666
symptoms-3	1.6666666666666663	1.5	1.6666666666666665	3.333333333333333
